{
    "HIP_0": [
        0,
        0,
        0
    ],
    "HIP_1": [
        506.5,
        967.5,
        -0.47680980898439884
    ],
    "HIP_2": [
        494.0,
        962.5,
        -0.4339640401303768
    ],
    "HIP_3": [
        490.5,
        964.5,
        -0.478343116119504
    ],
    "HIP_4": [
        516.5,
        970.0,
        -0.41410517133772373
    ],
    "HIP_5": [
        501.5,
        951.0,
        -0.4408723935484886
    ],
    "HIP_6": [
        512.5,
        967.0,
        -0.4310562629252672
    ],
    "HIP_7": [
        499.5,
        959.0,
        -0.41629076935350895
    ],
    "HIP_8": [
        504.0,
        954.5,
        -0.45265598595142365
    ],
    "HIP_9": [
        509.0,
        934.5,
        -0.3694465421140194
    ],
    "HIP_10": [
        517.0,
        928.5,
        -0.4488841351121664
    ],
    "HIP_11": [
        550.5,
        929.0,
        -0.34923823177814484
    ],
    "HIP_12": [
        557.0,
        922.0,
        -0.24682432785630226
    ],
    "HIP_13": [
        574.5,
        935.5,
        -0.1968563050031662
    ],
    "HIP_14": [
        590.5,
        914.5,
        -0.18390367180109024
    ],
    "HIP_15": [
        577.0,
        922.5,
        -0.12969575822353363
    ],
    "HIP_16": [
        588.0,
        947.0,
        -0.19777967780828476
    ],
    "HIP_17": [
        580.5,
        963.5,
        -0.2517673373222351
    ],
    "HIP_18": [
        581.5,
        960.5,
        -0.22644659131765366
    ],
    "HIP_19": [
        573.0,
        956.5,
        -0.20193061977624893
    ],
    "HIP_20": [
        565.5,
        922.5,
        -0.15273772180080414
    ],
    "HIP_21": [
        563.5,
        945.5,
        -0.25966259837150574
    ],
    "HIP_22": [
        561.5,
        910.0,
        -0.15886247903108597
    ],
    "HIP_23": [
        570.5,
        915.0,
        -0.12681551277637482
    ],
    "HIP_24": [
        577.5,
        916.0,
        -0.15771038085222244
    ],
    "HIP_25": [
        565.0,
        909.0,
        -0.13924292474985123
    ],
    "HIP_26": [
        560.0,
        887.5,
        -0.10259603708982468
    ],
    "HIP_27": [
        553.5,
        889.5,
        -0.11478625237941742
    ],
    "HIP_28": [
        565.5,
        902.0,
        -0.1267223283648491
    ]
}