{
    "HIP_0": [
        0,
        0,
        0
    ],
    "HIP_1": [
        473.0,
        780.5,
        -0.13034804910421371
    ],
    "HIP_2": [
        473.5,
        779.0,
        -0.12810738757252693
    ],
    "HIP_3": [
        479.0,
        783.5,
        -0.14082282409071922
    ],
    "HIP_4": [
        481.0,
        780.0,
        -0.1410600207746029
    ],
    "HIP_5": [
        486.0,
        774.0,
        -0.0885336622595787
    ],
    "HIP_6": [
        494.0,
        774.5,
        -0.11941158771514893
    ],
    "HIP_7": [
        475.0,
        772.5,
        -0.09971579164266586
    ],
    "HIP_8": [
        477.5,
        744.0,
        -0.12580742686986923
    ],
    "HIP_9": [
        477.5,
        752.5,
        -0.1674269735813141
    ],
    "HIP_10": [
        477.5,
        739.5,
        -0.20775040984153748
    ],
    "HIP_11": [
        479.5,
        741.5,
        -0.20275233685970306
    ],
    "HIP_12": [
        473.0,
        745.5,
        -0.25406306236982346
    ],
    "HIP_13": [
        475.5,
        763.5,
        -0.316555917263031
    ],
    "HIP_14": [
        512.0,
        811.5,
        -0.30075692385435104
    ],
    "HIP_15": [
        489.0,
        775.5,
        -0.1508232057094574
    ],
    "HIP_16": [
        482.5,
        799.0,
        -0.1894523799419403
    ],
    "HIP_17": [
        483.0,
        816.5,
        -0.17358561605215073
    ]
}