{
    "HIP_0": [
        0,
        0,
        0
    ],
    "HIP_271": [
        470.5,
        327.0,
        -0.0021104151383042336
    ],
    "HIP_272": [
        470.5,
        321.5,
        -0.007862169994041324
    ],
    "HIP_273": [
        469.5,
        313.0,
        -0.009441804606467485
    ],
    "HIP_274": [
        469.0,
        308.5,
        -0.00864126579836011
    ],
    "HIP_275": [
        469.0,
        308.5,
        -0.008866020245477557
    ],
    "HIP_276": [
        469.0,
        306.5,
        -0.011556720128282905
    ],
    "HIP_277": [
        469.0,
        308.5,
        -0.011110387975350022
    ],
    "HIP_278": [
        470.0,
        311.5,
        -0.010597079526633024
    ],
    "HIP_279": [
        472.5,
        324.0,
        0.011797887738794088
    ],
    "HIP_280": [
        476.5,
        340.5,
        0.07547487295232713
    ],
    "HIP_281": [
        479.5,
        354.0,
        0.0818288850132376
    ],
    "HIP_282": [
        482.0,
        363.0,
        0.08918939461000264
    ],
    "HIP_283": [
        484.5,
        364.5,
        0.07895922870375216
    ],
    "HIP_284": [
        485.0,
        366.5,
        0.06880543695297092
    ],
    "HIP_287": [
        485.0,
        362.5,
        0.05165146410581656
    ],
    "HIP_288": [
        482.0,
        340.0,
        -0.017190670827403665
    ],
    "HIP_289": [
        478.0,
        318.5,
        -0.04549093544483185
    ],
    "HIP_290": [
        476.0,
        312.5,
        -0.0482308748178184
    ],
    "HIP_291": [
        474.0,
        295.5,
        -0.054710368160158396
    ],
    "HIP_292": [
        471.5,
        261.0,
        -0.08406107523478568
    ],
    "HIP_293": [
        471.5,
        273.5,
        -0.07209243765100837
    ],
    "HIP_294": [
        472.0,
        288.0,
        -0.0820663464255631
    ],
    "HIP_295": [
        473.0,
        292.5,
        -0.07581451954320073
    ],
    "HIP_296": [
        475.5,
        296.0,
        -0.06990008905995637
    ],
    "HIP_297": [
        477.5,
        303.0,
        -0.03770067231380381
    ],
    "HIP_298": [
        478.5,
        307.0,
        -0.026342862518504262
    ],
    "HIP_299": [
        479.5,
        313.5,
        -0.0070551453391090035
    ],
    "HIP_300": [
        481.5,
        323.0,
        0.02530459756962955
    ],
    "HIP_301": [
        482.5,
        329.5,
        0.029492733883671463
    ],
    "HIP_302": [
        484.5,
        330.5,
        0.02728489867877215
    ],
    "HIP_303": [
        484.5,
        331.5,
        0.032514211954548955
    ],
    "HIP_304": [
        485.0,
        332.0,
        0.03488770098192617
    ],
    "HIP_305": [
        485.0,
        332.5,
        0.032766994525445625
    ],
    "HIP_306": [
        485.5,
        334.0,
        0.03198561543831602
    ],
    "HIP_307": [
        486.0,
        335.0,
        0.030010112532181665
    ],
    "HIP_308": [
        486.0,
        335.5,
        0.02823563778656535
    ],
    "HIP_309": [
        486.0,
        336.0,
        0.028144769748905674
    ],
    "HIP_310": [
        486.5,
        336.5,
        0.019717950533959083
    ],
    "HIP_311": [
        486.5,
        336.5,
        0.013433644780889153
    ],
    "HIP_312": [
        486.5,
        336.5,
        0.011839119193609804
    ],
    "HIP_313": [
        487.5,
        336.5,
        0.010045848728623241
    ],
    "HIP_314": [
        488.5,
        336.5,
        0.008886172698112205
    ],
    "HIP_315": [
        491.0,
        336.5,
        0.010748868196969852
    ],
    "HIP_316": [
        493.5,
        336.5,
        0.012897768232505769
    ],
    "HIP_317": [
        496.5,
        336.5,
        0.02009570147492923
    ],
    "HIP_318": [
        498.0,
        336.5,
        0.03969416020845529
    ],
    "HIP_319": [
        498.5,
        336.0,
        0.06580460770055652
    ],
    "HIP_320": [
        498.5,
        336.0,
        0.08211505645886064
    ],
    "HIP_321": [
        495.5,
        337.0,
        0.051227071322500706
    ],
    "HIP_361": [
        488.0,
        333.5,
        0.013546683825552464
    ],
    "HIP_362": [
        487.0,
        333.5,
        0.008827634621411562
    ],
    "HIP_363": [
        486.5,
        333.5,
        0.009377078502438962
    ],
    "HIP_364": [
        486.0,
        333.5,
        0.010199325042776763
    ],
    "HIP_365": [
        484.5,
        332.5,
        0.009757758001796901
    ],
    "HIP_366": [
        483.5,
        332.5,
        0.011589149362407625
    ],
    "HIP_367": [
        481.5,
        332.5,
        0.013981103198602796
    ],
    "HIP_368": [
        480.0,
        332.5,
        0.011790806252975017
    ],
    "HIP_369": [
        478.0,
        332.0,
        0.0047936529881553724
    ],
    "HIP_370": [
        477.5,
        332.0,
        -0.0012061027809977531
    ],
    "HIP_371": [
        476.5,
        333.5,
        0.003467942588031292
    ],
    "HIP_372": [
        477.0,
        333.0,
        0.008440601639449596
    ],
    "HIP_373": [
        478.5,
        333.0,
        0.002514390740543604
    ],
    "HIP_374": [
        479.0,
        334.0,
        0.0018875137902796268
    ],
    "HIP_375": [
        481.0,
        334.0,
        0.009760008193552494
    ],
    "HIP_376": [
        482.5,
        331.5,
        0.01856699399650097
    ],
    "HIP_377": [
        482.0,
        331.5,
        0.004750287160277367
    ],
    "HIP_378": [
        481.0,
        331.5,
        0.0028950702399015427
    ],
    "HIP_379": [
        475.5,
        332.5,
        -0.05704156681895256
    ],
    "HIP_380": [
        471.0,
        332.5,
        -0.04429648071527481
    ],
    "HIP_381": [
        468.5,
        331.0,
        -0.034647658467292786
    ],
    "HIP_382": [
        466.0,
        331.0,
        -0.06118827313184738
    ],
    "HIP_383": [
        466.5,
        331.0,
        -0.05888407677412033
    ],
    "HIP_384": [
        467.0,
        331.0,
        -0.062336135655641556
    ],
    "HIP_385": [
        469.5,
        330.0,
        -0.05728299915790558
    ],
    "HIP_420": [
        465.0,
        334.0,
        0.024954361841082573
    ],
    "HIP_421": [
        464.5,
        334.0,
        0.017925292253494263
    ],
    "HIP_422": [
        466.5,
        334.5,
        0.010347705334424973
    ],
    "HIP_423": [
        468.0,
        335.0,
        0.011376969516277313
    ],
    "HIP_424": [
        469.5,
        336.0,
        0.013030992820858955
    ],
    "HIP_425": [
        472.0,
        336.0,
        0.006628800183534622
    ],
    "HIP_426": [
        473.5,
        335.5,
        0.003994222730398178
    ],
    "HIP_427": [
        474.5,
        335.5,
        0.0010398533195257187
    ],
    "HIP_428": [
        474.5,
        335.5,
        0.006171349436044693
    ],
    "HIP_429": [
        475.0,
        335.5,
        0.0037294942885637283
    ],
    "HIP_430": [
        474.5,
        336.5,
        -0.004146706312894821
    ],
    "HIP_431": [
        474.0,
        338.5,
        -0.005076432600617409
    ],
    "HIP_432": [
        474.0,
        339.0,
        -0.00476299412548542
    ],
    "HIP_433": [
        474.0,
        341.5,
        -0.004938773810863495
    ],
    "HIP_434": [
        474.0,
        341.0,
        -0.016866378486156464
    ],
    "HIP_435": [
        473.5,
        341.5,
        -0.024429140612483025
    ],
    "HIP_436": [
        473.5,
        342.0,
        -0.03461800888180733
    ],
    "HIP_437": [
        473.0,
        342.5,
        -0.04116844944655895
    ],
    "HIP_438": [
        472.5,
        343.5,
        -0.06860490515828133
    ],
    "HIP_439": [
        472.0,
        344.5,
        -0.06555735133588314
    ],
    "HIP_440": [
        472.0,
        345.0,
        -0.05924198962748051
    ],