{
    "KNEE_0": [
        0,
        0,
        0
    ],
    "KNEE_1": [
        503.5,
        1339.0,
        -271.9225706644356
    ],
    "KNEE_2": [
        512.5,
        1340.0,
        -436.2567748054862
    ],
    "KNEE_3": [
        509.5,
        1338.5,
        -359.0975152552128
    ],
    "KNEE_4": [
        515.0,
        1345.5,
        -356.91464500129223
    ],
    "KNEE_5": [
        522.5,
        1326.5,
        -356.6644363850355
    ],
    "KNEE_6": [
        515.0,
        1336.0,
        -323.4628729149699
    ],
    "KNEE_7": [
        514.5,
        1331.5,
        -225.65909832715988
    ],
    "KNEE_8": [
        521.0,
        1328.0,
        -304.4711189568043
    ],
    "KNEE_9": [
        524.5,
        1299.0,
        -410.55791187286377
    ],
    "KNEE_10": [
        534.0,
        1274.5,
        -369.07690496742725
    ],
    "KNEE_11": [
        570.5,
        1271.5,
        -210.9503498263657
    ],
    "KNEE_12": [
        591.5,
        1269.0,
        -197.16579161211848
    ],
    "KNEE_13": [
        607.5,
        1268.0,
        -102.81480020284653
    ],
    "KNEE_14": [
        622.0,
        1248.5,
        -101.58754456043243
    ],
    "KNEE_15": [
        631.0,
        1252.0,
        -76.28614702820778
    ],
    "KNEE_16": [
        635.0,
        1281.5,
        12.087051674723625
    ],
    "KNEE_17": [
        612.5,
        1232.5,
        134.87294858694077
    ],
    "KNEE_18": [
        618.0,
        1253.5,
        107.95778341591358
    ],
    "KNEE_19": [
        614.5,
        1279.0,
        38.21352092921734
    ],
    "KNEE_20": [
        611.0,
        1263.0,
        -52.71896222233772
    ],
    "KNEE_21": [
        618.5,
        1119.5,
        29.043107450008392
    ],
    "KNEE_22": [
        623.0,
        1218.0,
        -4.8665135353803635
    ],
    "KNEE_23": [
        622.5,
        1237.0,
        -75.25437533855438
    ],
    "KNEE_24": [
        615.5,
        1240.0,
        -64.13867796957493
    ],
    "KNEE_25": [
        604.0,
        1230.5,
        -106.68483352661133
    ],
    "KNEE_26": [
        606.5,
        1197.0,
        -71.06551578640938
    ],
    "KNEE_27": [
        596.0,
        1194.5,
        -54.499123334884644
    ],
    "KNEE_28": [
        599.0,
        1223.5,
        -89.53181979060173
    ]
}