{
    "KNEE_0": [
        0,
        0,
        0
    ],
    "KNEE_271": [
        467.0,
        456.5,
        32.54886808432639
    ],
    "KNEE_272": [
        466.5,
        449.0,
        38.56390596460551
    ],
    "KNEE_273": [
        466.0,
        438.5,
        49.14683946222067
    ],
    "KNEE_274": [
        466.0,
        433.5,
        44.002355768345296
    ],
    "KNEE_275": [
        466.5,
        436.5,
        43.442065433599055
    ],
    "KNEE_276": [
        466.5,
        436.0,
        43.26564828213304
    ],
    "KNEE_277": [
        466.5,
        436.0,
        35.95636390359141
    ],
    "KNEE_278": [
        467.0,
        439.0,
        35.748964523663744
    ],
    "KNEE_279": [
        470.0,
        455.0,
        16.078108252957463
    ],
    "KNEE_280": [
        474.5,
        469.0,
        1.22272534458898
    ],
    "KNEE_281": [
        477.0,
        482.5,
        -13.86796673387289
    ],
    "KNEE_282": [
        479.0,
        491.0,
        -10.48419561283663
    ],
    "KNEE_283": [
        481.0,
        494.5,
        -5.0594371008337475
    ],
    "KNEE_284": [
        482.0,
        496.5,
        -17.159905146807432
    ],
    "KNEE_287": [
        481.5,
        491.5,
        6.0950115483719856
    ],
    "KNEE_288": [
        477.5,
        466.0,
        17.719211353571154
    ],
    "KNEE_289": [
        472.0,
        445.5,
        16.577728553587804
    ],
    "KNEE_290": [
        469.5,
        440.0,
        31.860045737586915
    ],
    "KNEE_291": [
        466.5,
        425.0,
        27.86408744752407
    ],
    "KNEE_292": [
        466.5,
        392.0,
        30.82684557326138
    ],
    "KNEE_293": [
        467.0,
        403.0,
        39.256680177524686
    ],
    "KNEE_294": [
        468.5,
        417.0,
        34.85092861298472
    ],
    "KNEE_295": [
        470.0,
        422.0,
        19.665693735179957
    ],
    "KNEE_296": [
        473.0,
        425.5,
        16.928226992022246
    ],
    "KNEE_297": [
        476.0,
        432.0,
        17.252087825909257
    ],
    "KNEE_298": [
        477.0,
        435.5,
        11.091676969081163
    ],
    "KNEE_299": [
        479.5,
        441.0,
        12.169435960007831
    ],
    "KNEE_300": [
        480.5,
        450.5,
        2.871925098414067
    ],
    "KNEE_301": [
        482.0,
        455.5,
        -1.3954979795962572
    ],
    "KNEE_302": [
        482.5,
        459.0,
        -0.2040150915272534
    ],
    "KNEE_303": [
        482.5,
        461.0,
        6.025420794496313
    ],
    "KNEE_304": [
        482.0,
        462.5,
        9.361311276443303
    ],
    "KNEE_305": [
        482.5,
        463.5,
        13.248243805021048
    ],
    "KNEE_306": [
        483.0,
        464.5,
        21.49789443681948
    ],
    "KNEE_307": [
        483.5,
        465.0,
        24.226487284060568
    ],
    "KNEE_308": [
        483.5,
        465.5,
        24.05895759584382
    ],
    "KNEE_309": [
        483.5,
        464.5,
        27.468081230297685
    ],
    "KNEE_310": [
        483.5,
        465.0,
        32.839739518705755
    ],
    "KNEE_311": [
        484.0,
        465.5,
        30.68961299629882
    ],
    "KNEE_312": [
        484.0,
        465.0,
        30.049233307130635
    ],
    "KNEE_313": [
        484.5,
        465.0,
        27.889309185091406
    ],
    "KNEE_314": [
        486.0,
        465.5,
        29.201614134013653
    ],
    "KNEE_315": [
        487.0,
        465.0,
        28.614202899858356
    ],
    "KNEE_316": [
        489.0,
        465.0,
        25.519765405682847
    ],
    "KNEE_317": [
        493.5,
        465.5,
        21.04990164237097
    ],
    "KNEE_318": [
        497.0,
        466.0,
        16.201070378534496
    ],
    "KNEE_319": [
        499.0,
        466.5,
        -12.692221819306724
    ],
    "KNEE_320": [
        498.0,
        468.5,
        -33.388157312292606
    ],
    "KNEE_321": [
        495.0,
        473.5,
        -28.394558505853638
    ],
    "KNEE_361": [
        483.0,
        460.5,
        13.965314066328574
    ],
    "KNEE_362": [
        482.5,
        461.0,
        11.793758372194134
    ],
    "KNEE_363": [
        482.0,
        461.5,
        13.23189093352994
    ],
    "KNEE_364": [
        481.5,
        461.5,
        12.486721336492337
    ],
    "KNEE_365": [
        480.5,
        459.5,
        11.628616005065851
    ],
    "KNEE_366": [
        478.5,
        459.5,
        10.295977661618963
    ],
    "KNEE_367": [
        478.0,
        459.5,
        15.507973726373166
    ],
    "KNEE_368": [
        477.5,
        459.0,
        15.662454949691892
    ],
    "KNEE_369": [
        477.0,
        459.0,
        13.921211830107495
    ],
    "KNEE_370": [
        476.5,
        458.5,
        14.525142913218588
    ],
    "KNEE_371": [
        475.5,
        458.0,
        13.413126208819449
    ],
    "KNEE_372": [
        475.0,
        457.5,
        17.471423811279237
    ],
    "KNEE_373": [
        475.5,
        457.5,
        23.32083593029529
    ],
    "KNEE_374": [
        477.0,
        457.5,
        28.010621523018926
    ],
    "KNEE_375": [
        478.5,
        458.0,
        31.74090893799439
    ],
    "KNEE_376": [
        479.0,
        457.0,
        31.269319044426084
    ],
    "KNEE_377": [
        478.0,
        457.5,
        29.835780646651983
    ],
    "KNEE_378": [
        477.5,
        457.5,
        30.37902458757162
    ],
    "KNEE_379": [
        473.0,
        460.0,
        52.29517222568393
    ],
    "KNEE_380": [
        469.5,
        461.5,
        55.04946411587298
    ],
    "KNEE_381": [
        469.0,
        460.5,
        36.46750978566706
    ],
    "KNEE_382": [
        465.5,
        463.5,
        48.409619461745024
    ],
    "KNEE_383": [
        464.0,
        463.5,
        46.64912873134017
    ],
    "KNEE_384": [
        464.5,
        462.5,
        56.511296689510345
    ],
    "KNEE_385": [
        466.5,
        459.0,
        38.407723596319556
    ],
    "KNEE_420": [
        466.0,
        454.5,
        54.47531180572696
    ],
    "KNEE_421": [
        466.5,
        454.5,
        54.7792250867933
    ],
    "KNEE_422": [
        470.0,
        455.0,
        58.80546222184785
    ],
    "KNEE_423": [
        470.5,
        455.0,
        58.51533123292029
    ],
    "KNEE_424": [
        470.5,
        456.5,
        63.26891505648382
    ],
    "KNEE_425": [
        471.0,
        456.5,
        59.676024614833295
    ],
    "KNEE_426": [
        471.0,
        456.5,
        58.36594814993441
    ],
    "KNEE_427": [
        471.5,
        456.5,
        60.9909180784598
    ],
    "KNEE_428": [
        471.5,
        456.5,
        59.44113583350554
    ],
    "KNEE_429": [
        471.5,
        457.0,
        58.690753005445
    ],
    "KNEE_430": [
        471.0,
        458.0,
        64.17722216597758
    ],
    "KNEE_431": [
        471.0,
        459.5,
        65.05759565974586
    ],
    "KNEE_432": [
        470.0,
        460.5,
        62.369167941156775
    ],
    "KNEE_433": [
        469.5,
        461.0,
        80.06581450416707
    ],
    "KNEE_434": [
        469.0,
        459.0,
        72.7319924463518
    ],
    "KNEE_435": [
        468.0,
        456.5,
        89.18625618814258
    ],
    "KNEE_436": [
        467.5,
        456.0,
        84.31941644113977
    ],
    "KNEE_437": [
        466.5,
        456.0,
        84.54150408011628
    ],
    "KNEE_438": [
        465.5,
        456.0,
        100.71268800739199
    ],
    "KNEE_439": [
        465.5,
        456.5,
        95.63661437854171
    ],
    "KNEE_440": [
        465.0,
        457.0,
        100.77763118874282
    ],
    "KNEE_441": [
        464.0,
        457.5,
        107.6045880233869
    ],
    "KNEE_442": [
        463.0,
        458.0,
        110.57563214935362
    ],