{
    "KNEE_0": [
        0,
        0,
        0
    ],
    "KNEE_1": [
        496.5,
        1074.0,
        163.3484782576561
    ],
    "KNEE_2": [
        497.5,
        1074.0,
        121.62708098441362
    ],
    "KNEE_3": [
        504.5,
        1080.0,
        162.4010342247784
    ],
    "KNEE_4": [
        503.5,
        1074.5,
        106.46568920463324
    ],
    "KNEE_5": [
        517.5,
        1064.5,
        122.1950992718339
    ],
    "KNEE_6": [
        529.5,
        1070.0,
        -4.710624486207962
    ],
    "KNEE_7": [
        516.0,
        1053.0,
        -24.18991081416607
    ],
    "KNEE_8": [
        543.5,
        998.0,
        124.37443698942661
    ],
    "KNEE_9": [
        545.5,
        1000.0,
        88.50203038752079
    ],
    "KNEE_10": [
        549.5,
        857.0,
        183.017818428576
    ],
    "KNEE_11": [
        563.5,
        834.5,
        206.22612465173006
    ],
    "KNEE_12": [
        554.5,
        828.0,
        263.81739054992795
    ],
    "KNEE_13": [
        752.0,
        722.5,
        -44.76326684653759
    ],
    "KNEE_14": [
        743.5,
        1014.5,
        -112.14150194171816
    ],
    "KNEE_15": [
        571.5,
        1064.5,
        97.72152663767338
    ],
    "KNEE_16": [
        553.5,
        1078.5,
        59.11080291867256
    ],
    "KNEE_17": [
        563.0,
        1136.0,
        87.71453739702702
    ]
}