{
    "SHOULDER_0": [
        0,
        0,
        0
    ],
    "SHOULDER_1": [
        503.0,
        507.5,
        -197.120016887784
    ],
    "SHOULDER_2": [
        500.5,
        511.5,
        -244.07206696271896
    ],
    "SHOULDER_3": [
        501.0,
        510.0,
        -285.076901525259
    ],
    "SHOULDER_4": [
        504.5,
        507.5,
        -274.1392117962241
    ],
    "SHOULDER_5": [
        499.0,
        505.5,
        -140.44140758737922
    ],
    "SHOULDER_6": [
        505.0,
        507.0,
        -236.21507082134485
    ],
    "SHOULDER_7": [
        505.0,
        504.5,
        -251.3252365887165
    ],
    "SHOULDER_8": [
        509.5,
        504.5,
        -275.6758820414543
    ],
    "SHOULDER_9": [
        507.0,
        503.5,
        -308.48694352805614
    ],
    "SHOULDER_10": [
        520.0,
        503.0,
        -322.6903572008014
    ],
    "SHOULDER_11": [
        524.5,
        502.5,
        -296.4736346080899
    ],
    "SHOULDER_12": [
        530.0,
        507.0,
        -193.14294432476163
    ],
    "SHOULDER_13": [
        541.5,
        515.5,
        -169.1557583156973
    ],
    "SHOULDER_14": [
        577.0,
        517.5,
        -156.08721005916595
    ],
    "SHOULDER_15": [
        586.0,
        509.0,
        -190.00300662964582
    ],
    "SHOULDER_16": [
        593.0,
        512.5,
        -169.63784151524305
    ],
    "SHOULDER_17": [
        594.0,
        505.0,
        -149.66843906790018
    ],
    "SHOULDER_18": [
        595.5,
        504.5,
        -141.94482370465994
    ],
    "SHOULDER_19": [
        587.5,
        504.0,
        -109.5326762124896
    ],
    "SHOULDER_20": [
        583.5,
        495.5,
        -187.2491616010666
    ],
    "SHOULDER_21": [
        575.0,
        499.5,
        -132.8377586826682
    ],
    "SHOULDER_22": [
        576.0,
        492.0,
        -161.15363804250956
    ],
    "SHOULDER_23": [
        579.0,
        495.0,
        -144.63194869458675
    ],
    "SHOULDER_24": [
        581.5,
        497.0,
        -157.57786414772272
    ],
    "SHOULDER_25": [
        581.5,
        498.5,
        -171.4016784131527
    ],
    "SHOULDER_26": [
        586.0,
        496.5,
        -111.52104518562555
    ],
    "SHOULDER_27": [
        583.0,
        492.5,
        -118.71254367381334
    ],
    "SHOULDER_28": [
        587.0,
        497.0,
        -133.43708693236113
    ]
}