{
    "SHOULDER_0": [
        0,
        0,
        0
    ],
    "SHOULDER_271": [
        472.0,
        142.0,
        -102.61640211939812
    ],
    "SHOULDER_272": [
        471.0,
        135.0,
        -112.727495290339
    ],
    "SHOULDER_273": [
        470.5,
        123.5,
        -123.79342794790864
    ],
    "SHOULDER_274": [
        470.0,
        120.5,
        -126.71256517991424
    ],
    "SHOULDER_275": [
        470.0,
        121.0,
        -127.02662629634142
    ],
    "SHOULDER_276": [
        470.0,
        117.0,
        -126.76589631289244
    ],
    "SHOULDER_277": [
        470.0,
        119.0,
        -115.28348863497376
    ],
    "SHOULDER_278": [
        470.5,
        122.0,
        -113.18919863551855
    ],
    "SHOULDER_279": [
        472.5,
        140.0,
        -127.66900150850415
    ],
    "SHOULDER_280": [
        477.0,
        158.0,
        -123.15586443990469
    ],
    "SHOULDER_281": [
        481.0,
        172.0,
        -93.58258004486561
    ],
    "SHOULDER_282": [
        483.5,
        180.0,
        -99.52461111545563
    ],
    "SHOULDER_283": [
        485.0,
        182.5,
        -104.14535076543689
    ],
    "SHOULDER_284": [
        486.5,
        187.5,
        -99.85203572362661
    ],
    "SHOULDER_287": [
        486.0,
        180.0,
        -98.56814090162516
    ],
    "SHOULDER_288": [
        483.0,
        157.0,
        -115.97795393317938
    ],
    "SHOULDER_289": [
        478.5,
        133.5,
        -122.99698078259826
    ],
    "SHOULDER_290": [
        475.5,
        126.0,
        -149.6813874654472
    ],
    "SHOULDER_291": [
        473.0,
        110.0,
        -148.78522027283907
    ],
    "SHOULDER_292": [
        469.5,
        73.0,
        -141.8132642582059
    ],
    "SHOULDER_293": [
        471.0,
        83.5,
        -140.39971179887652
    ],
    "SHOULDER_294": [
        471.5,
        98.0,
        -134.42823445424438
    ],
    "SHOULDER_295": [
        473.5,
        104.5,
        -126.46918443962932
    ],
    "SHOULDER_296": [
        475.5,
        108.0,
        -141.33186935260892
    ],
    "SHOULDER_297": [
        478.5,
        116.0,
        -143.41547279432416
    ],
    "SHOULDER_298": [
        480.0,
        122.0,
        -143.17521373182535
    ],
    "SHOULDER_299": [
        482.0,
        129.5,
        -139.92179013043642
    ],
    "SHOULDER_300": [
        485.0,
        140.5,
        -127.13852806761861
    ],
    "SHOULDER_301": [
        487.0,
        147.5,
        -114.3288694024086
    ],
    "SHOULDER_302": [
        488.0,
        149.0,
        -118.3591587357223
    ],
    "SHOULDER_303": [
        488.0,
        149.0,
        -117.94839337840676
    ],
    "SHOULDER_304": [
        488.0,
        150.0,
        -119.59233582392335
    ],
    "SHOULDER_305": [
        488.0,
        150.0,
        -126.31133004650474
    ],
    "SHOULDER_306": [
        488.0,
        150.5,
        -123.78341909497976
    ],
    "SHOULDER_307": [
        488.0,
        150.5,
        -119.67336390540004
    ],
    "SHOULDER_308": [
        488.5,
        150.5,
        -122.52232480421662
    ],
    "SHOULDER_309": [
        488.5,
        150.5,
        -111.80403777211905
    ],
    "SHOULDER_310": [
        489.0,
        150.5,
        -112.95346748828888
    ],
    "SHOULDER_311": [
        489.5,
        150.5,
        -112.00665456801653
    ],
    "SHOULDER_312": [
        489.5,
        150.5,
        -111.39902867004275
    ],
    "SHOULDER_313": [
        490.5,
        150.5,
        -110.51618684828281
    ],
    "SHOULDER_314": [
        492.5,
        150.5,
        -111.91278821602464
    ],
    "SHOULDER_315": [
        494.0,
        150.5,
        -105.85285768657923
    ],
    "SHOULDER_316": [
        497.0,
        150.5,
        -105.21478589996696
    ],
    "SHOULDER_317": [
        500.0,
        151.0,
        -114.07044785097241
    ],
    "SHOULDER_318": [
        501.5,
        150.5,
        -114.16602540761232
    ],
    "SHOULDER_319": [
        502.5,
        150.5,
        -93.20891055464745
    ],
    "SHOULDER_320": [
        502.0,
        150.0,
        -73.53609714657068
    ],
    "SHOULDER_321": [
        499.0,
        150.0,
        -104.46094942465425
    ],
    "SHOULDER_361": [
        490.0,
        152.0,
        -91.30093007907271
    ],
    "SHOULDER_362": [
        489.0,
        152.0,
        -92.49053074792027
    ],
    "SHOULDER_363": [
        488.5,
        152.0,
        -93.19635607302189
    ],
    "SHOULDER_364": [
        487.5,
        152.5,
        -91.95504229143262
    ],
    "SHOULDER_365": [
        486.0,
        152.5,
        -95.43543346971273
    ],
    "SHOULDER_366": [
        484.5,
        152.5,
        -97.76347656548023
    ],
    "SHOULDER_367": [
        480.0,
        152.5,
        -91.0164211280644
    ],
    "SHOULDER_368": [
        478.5,
        153.0,
        -93.93320333585143
    ],
    "SHOULDER_369": [
        475.5,
        153.0,
        -99.17646991834044
    ],
    "SHOULDER_370": [
        473.5,
        153.5,
        -96.75165481120348
    ],
    "SHOULDER_371": [
        472.5,
        154.0,
        -92.27961630374193
    ],
    "SHOULDER_372": [
        472.5,
        154.0,
        -92.59636706113815
    ],
    "SHOULDER_373": [
        474.0,
        154.0,
        -93.7766958810389
    ],
    "SHOULDER_374": [
        475.0,
        154.0,
        -90.52887181565166
    ],
    "SHOULDER_375": [
        479.0,
        154.5,
        -81.42661002650857
    ],
    "SHOULDER_376": [
        483.5,
        154.0,
        -59.01497592165833
    ],
    "SHOULDER_377": [
        479.5,
        153.0,
        -33.09126277640462
    ],
    "SHOULDER_378": [
        478.5,
        153.0,
        -32.249542811885476
    ],
    "SHOULDER_379": [
        471.5,
        151.5,
        -48.18812858685851
    ],
    "SHOULDER_380": [
        466.5,
        151.0,
        -55.92764036357403
    ],
    "SHOULDER_381": [
        463.0,
        150.0,
        -59.220550859346986
    ],
    "SHOULDER_382": [
        460.5,
        150.0,
        -49.11325495317578
    ],
    "SHOULDER_383": [
        459.5,
        149.5,
        -59.93228280544281
    ],
    "SHOULDER_384": [
        460.0,
        149.0,
        -80.29334357008338
    ],
    "SHOULDER_385": [
        459.0,
        148.0,
        -78.40758334100246
    ],
    "SHOULDER_420": [
        460.0,
        152.5,
        -96.09818430058658
    ],
    "SHOULDER_421": [
        460.0,
        152.5,
        -100.66817444935441
    ],
    "SHOULDER_422": [
        461.0,
        152.0,
        -100.39312795177102
    ],
    "SHOULDER_423": [
        462.5,
        151.5,
        -97.38091219961643
    ],
    "SHOULDER_424": [
        466.0,
        152.0,
        -103.16836727410555
    ],
    "SHOULDER_425": [
        470.0,
        151.5,
        -111.96888523176312
    ],
    "SHOULDER_426": [
        473.0,
        152.0,
        -114.07194727286696
    ],
    "SHOULDER_427": [
        474.0,
        152.0,
        -113.36375845223665
    ],
    "SHOULDER_428": [
        475.0,
        152.0,
        -109.06452196463943
    ],
    "SHOULDER_429": [
        476.0,
        151.0,
        -112.35550523735583
    ],
    "SHOULDER_430": [
        477.5,
        151.0,
        -110.01998832821846
    ],
    "SHOULDER_431": [
        480.5,
        151.5,
        -112.53735038079321
    ],
    "SHOULDER_432": [
        484.0,
        152.0,
        -125.06128869764507
    ],
    "SHOULDER_433": [
        486.5,
        154.0,
        -128.48324689641595
    ],
    "SHOULDER_434": [
        489.0,
        155.5,
        -145.6826071701944
    ],
    "SHOULDER_435": [
        492.0,
        157.0,
        -168.78878751397133
    ],
    "SHOULDER_436": [
        493.0,
        159.0,
        -182.48623524606228
    ],