{
    "SHOULDER_0": [
        0,
        0,
        0
    ],
    "SHOULDER_1": [
        485.5,
        427.0,
        -264.9431302472949
    ],
    "SHOULDER_2": [
        486.0,
        429.5,
        -221.22240424342453
    ],
    "SHOULDER_3": [
        487.5,
        426.5,
        -272.6118345782161
    ],
    "SHOULDER_4": [
        487.0,
        427.0,
        -250.02495401725173
    ],
    "SHOULDER_5": [
        490.5,
        420.0,
        -336.21959859877825
    ],
    "SHOULDER_6": [
        494.5,
        419.5,
        -223.70908294594847
    ],
    "SHOULDER_7": [
        492.0,
        418.0,
        -202.12549379467964
    ],
    "SHOULDER_8": [
        494.0,
        406.5,
        -184.555331569165
    ],
    "SHOULDER_9": [
        494.0,
        401.5,
        -141.4296070933342
    ],
    "SHOULDER_10": [
        492.5,
        395.0,
        -136.32863310724497
    ],
    "SHOULDER_11": [
        497.0,
        396.5,
        -158.15143114328384
    ],
    "SHOULDER_12": [
        500.5,
        400.0,
        -159.43682538717985
    ],
    "SHOULDER_13": [
        511.0,
        405.5,
        90.27529585361481
    ],
    "SHOULDER_14": [
        524.5,
        402.5,
        208.63157434388995
    ],
    "SHOULDER_15": [
        523.0,
        392.5,
        -62.99696561694145
    ],
    "SHOULDER_16": [
        525.0,
        394.5,
        -83.98287445306778
    ],
    "SHOULDER_17": [
        527.0,
        402.0,
        -152.90495393425226
    ]
}